,0,1,2,3,4,5,6,7,8,9,10,11,12,13,14,15,16,17,18,19,20,21,22,23
0,9.4,7.61,8.11,8.36,8.78,9.25,9.78,10.0,10.0,10.5,11.86,14.06,15.88,14.84,13.9,13.84,13.11,12.39,12.39,12.75,13.21,13.59,13.39,13.01
1,13.46,13.49,13.3,13.3,13.24,12.95,13.11,13.68,13.9,13.96,14.19,13.68,13.3,13.3,13.18,12.16,10.91,10.19,9.44,8.54,7.82,6.6,5.69,5.12
2,4.53,3.61,2.89,2.33,1.41,0.75,0.66,1.01,1.57,2.49,3.59,4.25,4.46,5.25,6.39,6.86,5.59,3.86,3.3,3.17,2.29,1.8,2.42,2.74
3,1.95,0.56,0.06,0.73,1.16,1.51,2.89,4.98,6.74,7.68,8.65,10.04,11.66,12.8,14.22,14.46,13.26,12.07,11.51,11.21,11.16,11.51,11.57,10.5
4,9.78,11.32,12.55,12.39,12.2,12.2,12.26,12.68,13.21,14.09,15.0,16.86,17.99,19.35,20.73,21.04,20.25,16.8,14.56,13.11,10.46,8.55,7.1,5.5
5,4.09,2.35,0.97,0.54,-0.19,-0.6,-0.6,-0.6,-0.54,0.12,0.25,0.73,1.48,1.7,1.7,1.57,0.5,-0.41,-0.79,-1.09,-1.57,-2.05,-2.2,-2.26
6,-2.67,-3.15,-3.36,-3.71,-3.9,-3.9,-4.15,-3.55,-2.23,-1.64,-1.35,-1.51,-0.95,0.25,1.32,1.64,1.16,-0.04,-0.6,-0.66,-0.95,-1.1,-1.16,-1.82
7,-2.2,-2.2,-2.14,-1.54,-1.51,-1.7,-0.95,0.25,1.45,2.96,4.91,6.51,7.19,7.93,8.24,7.89,7.26,6.12,5.79,6.03,6.16,6.45,5.97,5.66
8,5.89,5.75,5.6,5.54,5.19,5.0,5.06,5.97,8.5,11.07,12.96,14.85,16.29,16.7,16.64,16.16,14.9,13.68,13.11,12.81,12.32,11.54,11.45,11.22
9,10.81,10.64,10.97,11.51,11.7,11.7,11.32,11.29,12.03,13.4,14.69,15.41,16.41,17.84,18.27,17.89,17.14,16.36,16.04,16.06,16.23,17.3,18.84,19.03
10,18.61,19.12,19.81,20.06,20.04,20.38,20.16,19.59,19.65,20.61,21.23,22.24,22.11,21.64,21.23,20.62,19.27,17.04,15.16,13.72,12.89,12.32,11.79,10.79
11,8.86,6.81,6.16,6.45,5.97,5.6,5.66,6.76,11.03,15.14,17.3,18.59,19.19,18.99,18.11,17.26,16.0,14.53,13.38,12.5,12.14,11.79,11.35,11.89
12,12.99,13.78,14.19,13.99,13.49,13.99,14.4,15.21,16.57,17.16,16.89,16.7,16.76,17.61,17.6,17.8,18.1,17.54,17.2,16.76,15.38,14.39,14.95,14.34
13,12.7,11.47,11.04,10.31,9.21,8.49,8.11,9.06,11.01,12.55,13.94,15.44,16.5,17.11,17.55,17.32,16.29,14.61,13.15,12.01,10.91,10.12,9.21,8.11
14,7.2,7.59,7.0,7.96,8.9,8.9,8.53,8.36,9.09,9.88,10.47,10.95,11.47,11.7,11.7,11.64,10.85,9.46,8.34,7.44,6.79,6.04,5.89,5.69
15,4.62,2.91,2.26,2.8,2.16,1.29,1.29,2.84,5.76,8.62,10.66,12.24,13.86,14.88,15.35,15.12,14.09,12.41,11.51,11.15,10.69,10.12,9.59,9.46
16,9.88,10.41,10.6,10.66,10.89,10.38,9.38,9.69,10.91,12.65,13.71,13.9,14.21,15.15,15.54,15.06,13.68,11.5,9.66,8.35,8.09,8.01,8.09,7.82
17,6.6,5.56,4.05,3.24,2.58,2.2,1.7,2.9,6.42,9.0,10.66,12.24,13.18,13.71,13.9,13.78,12.57,10.71,9.81,9.45,8.74,8.78,9.31,10.19
18,10.73,11.61,11.91,11.99,11.91,12.43,11.55,11.74,12.99,13.78,14.31,14.81,15.44,16.32,16.76,17.36,16.89,14.9,13.25,11.93,10.15,9.4,9.34,8.99
19,8.43,7.82,6.66,6.04,5.31,4.28,4.4,6.2,9.22,12.81,15.89,17.78,18.99,19.03,18.55,18.65,18.3,16.5,15.22,14.56,13.99,13.43,12.57,12.39
20,13.69,14.4,14.4,14.53,15.47,15.75,14.1,12.57,12.26,12.93,13.36,13.71,14.96,15.66,15.89,15.25,13.68,11.81,10.35,9.15,7.7,6.41,5.69,5.12
21,4.15,2.7,1.85,1.64,1.23,0.75,0.97,1.89,3.05,4.56,6.26,7.59,8.88,9.46,9.75,9.59,9.34,9.11,8.62,7.96,7.01,6.29,6.1,6.04
22,5.69,5.19,5.06,5.48,6.33,6.7,6.83,7.84,8.78,9.69,10.79,11.82,12.2,12.26,12.86,12.89,12.01,10.97,10.41,10.11,9.94,9.21,7.99,6.19
23,4.4,3.42,2.89,2.08,1.7,1.32,1.41,1.29,1.1,1.1,0.91,0.99,0.79,0.47,0.15,0.0,0.0,0.0,0.0,0.0,0.0,0.19,0.49,0.6
24,0.6,0.91,1.1,1.1,0.72,0.56,0.6,0.66,1.07,2.36,4.25,6.37,8.7,10.6,11.89,12.8,11.98,9.43,8.11,7.81,7.14,7.3,6.66,6.1
25,6.04,5.69,5.25,5.41,5.54,5.19,4.75,5.6,6.89,8.11,10.35,12.96,14.28,15.25,16.32,16.64,15.85,14.46,13.34,12.44,11.85,11.76,12.11,12.68
26,13.59,14.25,14.4,14.4,14.84,15.73,15.85,16.39,17.3,16.98,16.23,16.06,16.48,16.7,16.32,15.41,14.94,14.59,14.15,13.5,12.51,11.41,10.31,9.53
27,8.99,8.11,7.32,6.41,5.69,4.81,3.65,2.89,2.33,1.41,0.75,0.23,0.0,0.0,-0.12,-0.58,-0.99,-1.48,-1.7,-1.7,-1.7,-1.7,-1.7,-1.7
28,-1.7,-1.7,-1.7,-1.76,-2.05,-2.2,-2.2,-2.14,-1.79,-1.23,-0.75,-0.6,-0.16,0.47,0.95,1.1,1.04,0.75,0.41,0.05,-0.41,-0.6,-0.66,-0.95
29,-1.16,-1.95,-3.27,-3.17,-2.67,-1.66,-1.35,-0.5,0.91,2.77,5.29,7.24,8.74,9.05,8.96,9.25,9.28,8.45,7.38,6.38,5.38,4.94,4.28,3.84
30,3.42,3.2,4.7,5.79,5.09,5.54,6.22,7.05,8.88,11.14,13.63,15.54,16.48,16.76,16.93,16.06,15.0,13.14,11.82,11.29,11.16,11.51,11.7,11.7
31,11.7,11.7,11.64,11.29,11.04,10.75,10.79,12.34,15.2,17.77,20.23,21.82,22.57,22.8,22.74,22.01,20.85,19.46,18.9,18.9,18.9,18.46,17.89,17.45
32,17.61,17.8,17.8,17.8,17.8,17.8,17.86,18.15,18.68,19.27,19.88,20.41,21.1,20.9,19.91,20.19,20.85,20.75,20.79,21.02,21.48,21.7,21.7,21.7
33,20.76,13.07,8.11,7.32,6.41,5.75,5.22,5.06,5.41,5.66,6.01,6.58,7.11,7.68,8.15,8.3,8.3,8.3,8.3,8.24,7.95,7.8,7.74,7.39
34,7.2,7.2,7.2,7.2,7.26,7.61,7.86,8.59,9.62,11.25,13.31,15.04,17.04,18.84,19.77,20.0,19.94,19.59,19.4,19.65,19.93,21.06,19.89,17.36
35,15.25,12.0,9.75,8.99,8.49,7.99,7.3,7.19,7.61,7.8,8.68,9.7,10.0,10.0,10.0,9.94,9.46,8.32,7.42,6.82,6.22,5.75,5.22,5.0
36,4.56,3.99,3.17,2.74,2.39,2.2,2.14,1.91,2.05,2.26,2.24,2.2,1.95,2.05,2.26,2.86,2.58,2.2,2.2,2.2,2.2,2.2,2.14,1.85
37,1.7,1.7,1.7,1.7,1.64,1.29,1.16,1.51,2.08,2.8,3.98,4.81,5.56,7.15,8.59,9.56,9.59,9.4,9.4,9.4,9.34,8.99,8.43,8.01
38,8.09,7.64,7.8,7.66,7.28,7.2,7.01,7.9,9.56,11.2,12.43,12.8,13.43,13.55,13.71,13.84,13.49,13.3,13.49,13.66,12.64,11.13,10.47,9.59
39,10.1,10.89,10.31,9.34,9.31,9.44,9.53,10.72,13.15,15.57,18.02,19.25,19.71,19.53,19.05,18.84,18.43,17.57,16.82,16.23,15.31,14.21,13.43,12.7
40,12.96,13.3,13.3,13.3,12.99,12.8,12.8,13.3,15.1,18.0,20.07,16.73,15.46,16.1,14.98,14.05,13.46,12.57,12.01,11.71,11.22,10.75,10.54,10.19
41,10.0,10.0,9.62,9.15,7.75,6.12,5.6,5.6,5.6,5.91,6.16,6.51,6.7,6.7,6.51,6.21,6.1,6.1,6.1,6.16,6.45,6.16,5.34,4.62
42,4.46,4.75,4.59,4.4,4.4,4.4,4.4,4.4,4.4,4.4,4.4,4.78,5.0,5.0,5.0,5.0,4.94,4.59,4.4,4.09,3.84,3.42,2.95,2.74
43,2.39,2.2,2.2,2.2,2.2,2.2,2.26,2.61,3.55,4.69,5.85,7.24,8.86,10.31,11.74,12.86,12.76,11.56,10.5,9.64,8.61,7.89,7.01,6.22
44,5.69,4.81,4.34,3.92,2.83,2.92,3.86,6.08,9.45,11.86,14.25,16.49,17.32,18.28,18.43,17.95,17.74,17.07,16.7,16.7,16.64,16.66,16.7,16.57
45,15.44,13.74,12.04,10.15,9.28,8.32,7.92,8.94,9.81,10.0,10.12,11.14,12.45,13.59,14.69,15.41,15.41,14.05,12.18,10.63,10.6,9.9,8.99,8.49
46,8.17,7.16,6.29,6.1,6.1,6.1,6.41,8.97,12.46,15.76,18.25,19.62,20.56,20.02,19.81,19.94,19.53,18.68,18.11,17.75,16.54,14.96,14.34,14.11
47,14.31,14.88,15.41,15.66,15.89,15.75,15.97,16.95,18.46,20.23,22.15,23.15,23.61,23.55,24.02,24.34,23.61,22.57,21.83,21.23,20.19,18.45,17.32,16.73
48,16.44,16.9,17.2,17.2,17.14,16.85,17.01,17.26,17.61,18.11,18.86,21.07,22.95,24.02,24.34,23.61,22.76,21.31,20.23,19.56,18.68,18.43,18.38,18.36
49,18.71,18.9,18.77,18.45,17.99,17.8,17.49,17.99,19.52,21.26,22.77,23.99,24.71,24.65,24.75,24.46,23.26,22.26,21.56,20.8,20.12,19.59,19.4,19.4
50,19.4,19.34,19.05,19.15,19.05,18.9,18.9,18.96,19.75,21.95,24.0,25.54,25.85,26.2,25.5,24.59,24.02,23.49,23.11,22.81,22.39,22.2,22.57,22.74
51,22.14,18.18,14.94,13.99,13.43,12.95,12.8,12.74,12.45,12.8,14.29,15.0,15.56,17.34,17.57,17.14,16.79,16.23,15.69,15.06,13.8,12.89,12.01,11.22
52,10.44,10.35,9.75,8.86,10.1,10.75,11.41,12.96,14.98,16.68,17.39,18.69,19.15,19.69,20.35,19.69,18.26,17.39,16.82,16.23,15.38,15.0,15.0,15.06
53,15.47,16.01,16.51,16.7,17.01,17.2,16.39,15.34,15.81,17.61,18.71,18.21,17.61,17.69,18.61,20.04,20.54,19.81,19.03,18.49,18.61,18.43,17.57,17.57
54,17.8,17.74,17.39,17.14,16.85,16.7,16.7,16.7,15.64,15.81,16.93,17.61,18.55,19.31,19.88,20.41,20.54,19.81,19.03,18.43,17.51,16.41,15.75,15.54
55,14.75,13.74,13.78,14.62,15.0,15.0,15.75,16.57,17.8,19.02,19.71,19.59,19.77,20.44,20.89,20.38,19.94,19.27,18.9,18.9,19.21,19.09,18.71,18.79
56,18.84,18.11,16.39,15.16,14.53,13.68,12.55,11.79,10.85,9.4,8.49,7.99,8.3,9.1,9.46,9.81,9.94,9.28,8.71,8.41,8.24,7.89,7.01,5.91
57,5.12,4.53,3.67,3.24,2.95,2.8,2.86,3.59,4.69,5.79,6.89,7.93,8.74,9.31,10.25,10.95,11.04,10.38,8.88,7.45,8.12,8.11,7.32,6.41
58,5.31,4.34,4.19,3.67,3.3,3.3,3.99,7.03,10.35,12.65,13.84,15.04,15.97,16.51,16.7,16.64,16.23,15.75,15.41,15.11,14.94,14.53,14.11,14.25
59,14.46,14.88,15.41,15.54,15.12,14.59,14.59,16.51,19.48,20.73,21.8,23.34,23.84,23.55,23.71,23.84,23.36,22.23,20.95,19.75,18.99,18.18,17.74,17.32
60,16.85,16.7,16.57,16.94,17.2,16.89,16.89,18.25,19.75,21.26,22.84,24.02,24.15,24.19,23.99,23.11,22.33,21.48,20.91,20.68,20.16,19.53,19.05,18.77
61,18.45,18.36,19.09,18.44,16.93,14.84,11.28,8.07,6.85,6.76,7.11,7.61,7.86,8.28,8.81,9.25,9.21,7.91,6.7,5.78,4.4,3.42,2.58,2.2
62,2.14,1.85,1.7,1.7,1.76,2.05,2.2,2.2,2.26,2.61,2.8,3.11,3.67,3.9,3.9,4.21,4.4,4.4,4.4,4.46,4.81,5.0,5.06,5.35
63,5.25,5.72,6.1,6.04,5.75,5.91,6.47,7.45,8.46,10.11,10.34,10.0,10.38,10.73,11.68,12.57,12.8,12.8,12.61,12.31,12.26,12.55,12.39,11.89
64,11.7,11.7,11.7,11.7,11.7,11.7,11.7,11.7,11.64,11.29,11.04,11.06,10.47,10.35,10.12,9.59,9.03,8.49,8.3,8.24,7.95,7.8,7.8,7.8
65,7.8,7.8,7.8,7.8,7.8,7.8,8.11,8.43,8.75,8.9,8.96,9.62,10.06,10.41,10.66,11.32,11.64,10.97,10.41,10.11,9.94,9.53,8.68,8.3
66,7.99,7.8,7.74,7.7,8.14,8.71,9.65,10.91,13.03,14.38,15.72,17.59,18.36,18.71,18.9,18.9,18.84,18.18,17.43,16.82,16.23,15.69,14.81,14.4
67,14.34,13.61,13.01,13.09,12.45,11.13,11.16,13.62,17.09,19.09,20.12,20.19,20.06,20.41,20.73,21.61,21.73,20.56,19.44,18.48,17.1,15.5,14.53,13.74
68,13.65,13.11,12.32,11.85,11.76,12.05,13.07,14.98,16.8,18.46,20.16,21.68,22.95,23.65,23.55,23.65,23.11,22.07,20.95,19.75,18.61,17.89,17.32,16.85
69,16.64,16.29,16.16,16.82,17.57,17.8,18.11,18.68,18.96,19.19,19.36,19.4,19.4,20.15,20.66,20.95,21.04,20.75,19.85,18.65,17.89,17.39,17.14,16.48
70,15.6,15.18,15.47,15.95,16.16,16.51,17.07,17.68,18.15,18.24,17.64,17.61,18.18,19.09,19.81,19.88,18.68,16.81,15.72,15.12,14.53,13.61,12.51,11.79
71,11.22,10.38,10.0,9.94,9.53,9.05,9.34,10.6,11.89,12.99,13.78,14.62,15.75,16.51,16.76,17.05,17.2,16.45,15.31,14.15,12.7,11.47,11.04,10.38
72,9.94,9.15,7.76,7.14,6.54,6.83,8.26,11.84,14.98,16.8,18.4,19.25,19.15,19.62,20.0,19.94,19.53,18.68,17.93,17.32,16.85,16.7,16.7,16.7
73,16.7,16.7,16.64,15.98,15.66,15.95,16.54,17.49,18.27,19.38,19.27,18.9,18.96,19.69,20.35,20.19,20.06,20.41,20.41,20.18,20.41,20.6,20.6,20.6
74,20.85,20.81,21.32,21.7,21.95,21.85,20.95,20.69,21.74,22.61,22.8,24.18,25.5,24.55,23.24,22.96,21.75,20.75,19.85,18.71,18.24,17.57,17.2,17.07
75,15.88,13.26,11.41,10.31,9.59,9.09,8.53,8.3,8.49,9.79,9.88,9.81,10.31,10.19,9.94,9.28,8.53,8.3,8.11,7.88,7.74,7.39,7.2,7.2
76,7.2,7.14,6.85,6.7,6.64,5.97,5.85,7.88,9.69,10.79,11.89,12.93,14.43,15.73,16.04,15.69,15.06,13.86,12.93,12.32,11.41,10.69,10.19,10.0
77,9.94,9.65,9.81,9.94,9.53,9.05,9.65,13.35,16.61,18.46,20.16,21.68,22.82,22.95,22.86,23.09,22.57,22.2,21.26,19.7,17.85,16.48,16.04,15.75
78,15.54,15.25,15.66,15.44,15.41,15.6,15.66,16.32,16.76,17.61,19.6,20.19,20.5,21.74,22.61,22.74,22.33,21.85,20.95,19.75,18.86,17.04,16.04,15.44
79,15.35,14.69,13.64,13.43,13.31,12.57,12.39,14.06,16.69,20.26,22.49,23.15,23.61,23.43,22.89,22.33,21.79,20.98,20.04,19.14,18.11,17.32,16.91,16.99
80,16.79,16.04,16.01,16.51,16.76,17.05,17.64,18.65,20.23,22.21,23.88,24.4,24.71,24.34,24.62,24.88,23.8,22.57,21.7,20.84,20.12,19.59,19.46,19.81
81,20.0,20.0,20.06,20.41,20.6,20.6,20.66,20.95,20.79,20.48,21.46,21.85,20.95,19.81,19.03,18.36,17.16,16.29,16.1,16.1,15.91,14.55,13.49,13.3
82,13.3,13.24,12.95,12.74,12.07,11.7,11.76,12.11,12.99,13.78,14.62,15.0,15.81,17.18,17.14,17.05,17.14,16.48,15.91,15.61,14.81,14.4,14.34,13.49
83,11.94,12.18,12.32,11.79,11.22,10.75,11.41,12.84,13.78,14.81,16.55,17.93,18.74,19.19,18.99,18.43,17.82,16.66,15.72,15.12,14.21,13.11,12.32,11.79
84,11.22,10.31,9.28,8.84,8.55,8.71,9.65,10.79,11.89,12.93,13.36,13.71,13.84,13.49,13.3,13.24,12.89,12.39,12.2,12.14,11.85,11.64,11.35,11.82
85,12.26,12.61,12.8,12.8,12.86,13.53,14.65,15.91,17.71,19.5,20.41,20.6,20.16,19.53,19.11,19.06,18.98,18.53,18.55,18.45,18.3,18.74,19.25,19.09
86,18.9,18.96,19.38,19.48,19.77,20.0,20.0,20.69,21.23,21.86,20.32,19.01,18.9,18.77,18.14,17.74,17.39,17.2,17.2,17.2,17.2,17.26,17.61,17.8
87,17.18,16.36,15.72,15.19,14.44,13.6,14.55,15.99,15.96,16.7,18.05,19.81,20.91,21.16,21.76,21.79,21.23,20.38,19.25,18.11,17.01,16.29,16.04,15.31
88,14.53,13.61,12.57,12.2,12.14,11.85,12.45,13.15,13.36,14.15,15.6,16.82,17.7,18.94,20.25,20.89,20.31,19.59,18.9,17.91,15.88,14.21,13.11,12.32
89,11.41,10.31,9.53,8.99,8.49,8.3,11.3,14.85,17.27,19.73,21.01,21.82,22.64,23.09,22.95,22.74,21.95,20.56,19.44,18.54,17.57,17.14,16.85,16.7
90,16.7,16.7,16.7,16.7,16.7,16.7,17.57,19.41,21.26,22.77,23.36,24.02,24.84,25.35,25.12,24.52,23.55,22.23,21.32,20.73,19.81,19.34,19.05,18.84
91,18.49,18.36,19.09,19.81,20.0,20.0,20.44,21.14,22.46,24.35,25.79,26.82,26.95,26.99,26.48,26.04,25.69,24.81,23.9,23.04,22.01,21.29,21.1,21.04
92,20.81,20.95,21.1,21.1,21.1,21.1,21.54,22.49,23.59,24.69,25.48,25.95,26.48,26.64,26.23,25.69,25.12,24.27,23.52,22.93,22.39,22.2,22.2,22.2
93,21.89,21.7,21.7,21.95,21.85,21.7,22.14,23.02,23.71,24.96,22.85,20.82,23.1,23.85,23.71,23.9,23.84,23.49,23.3,22.55,21.85,21.95,21.79,21.23
94,20.69,20.12,19.53,18.61,17.89,17.39,17.2,17.2,17.2,17.2,17.26,17.93,17.93,17.45,17.61,16.05,15.38,15.22,15.19,15.43,15.25,15.47,16.01,16.64
95,17.46,18.11,18.68,19.21,19.4,19.09,17.71,16.19,16.01,16.89,17.68,18.15,18.8,20.16,21.36,22.76,24.02,24.4,24.21,23.98,23.9,23.84,23.49,23.3
96,23.3,22.99,22.86,23.15,22.93,21.39,20.6,19.23,17.96,17.45,17.36,18.34,18.96,19.31,20.25,20.95,21.04,20.75,20.04,19.2,18.84,18.36,17.16,15.91
97,15.12,14.28,13.84,13.43,12.95,12.8,13.8,14.84,15.6,17.09,17.93,18.88,19.71,16.84,14.75,15.47,14.75,14.25,14.4,14.34,13.99,13.43,12.95,12.8
98,12.8,12.61,11.25,9.81,9.34,9.05,10.59,13.79,15.47,16.45,17.9,19.44,20.38,20.66,21.32,21.64,21.23,20.38,19.06,17.62,16.79,16.23,15.31,14.15
99,12.76,12.14,11.85,11.64,11.22,10.75,12.91,16.3,18.75,20.25,21.39,22.05,22.57,22.74,22.33,21.79,21.16,19.96,18.9,18.04,17.07,16.64,15.91,15.19
100,14.94,14.65,14.88,15.35,15.25,15.41,16.79,19.12,20.98,22.69,23.77,24.25,24.15,24.62,25.0,24.94,24.21,23.18,22.05,20.98,20.54,20.12,19.27,18.84
101,18.43,18.26,17.99,17.68,17.85,18.56,19.65,20.85,22.05,23.25,24.58,25.41,25.85,25.75,25.54,25.12,24.52,23.68,22.93,22.33,21.79,21.23,20.69,20.12
102,19.65,19.75,19.59,19.4,19.4,19.4,20.65,22.71,24.44,25.13,26.2,27.43,27.43,27.2,27.14,26.41,25.69,24.81,24.02,23.43,22.89,22.39,22.2,22.14
103,21.91,22.05,22.2,22.2,22.2,22.2,22.7,23.62,24.62,25.06,25.73,26.1,25.66,24.34,22.45,22.01,23.26,21.46,20.0,20.38,20.54,19.94,18.73,16.89
104,14.16,11.81,11.04,10.38,9.94,9.28,8.53,8.3,8.36,9.15,11.04,12.78,14.05,15.19,15.6,15.54,15.12,14.59,14.03,13.43,12.51,11.85,11.64,10.97
105,10.54,9.81,9.34,9.05,8.84,8.49,9.11,10.6,11.95,13.4,14.69,15.73,16.16,16.57,17.05,17.14,16.41,15.75,15.04,14.14,13.11,12.07,11.7,11.64
106,11.16,12.15,13.21,13.78,14.31,14.81,15.12,16.26,17.71,17.64,17.68,18.52,18.53,18.05,18.15,18.24,17.95,17.8,17.8,17.49,17.61,17.8,17.8,17.8
107,17.74,17.39,17.2,17.14,16.85,16.32,16.54,17.49,18.65,19.73,20.54,21.68,22.64,23.09,22.95,22.68,21.6,20.38,19.44,18.54,17.95,17.74,17.32,16.48
108,16.04,15.75,15.47,14.4,13.55,13.71,15.4,17.3,18.59,19.69,20.79,21.82,22.95,23.77,24.31,24.81,24.81,23.51,22.8,22.61,20.94,19.94,19.27,18.84
109,18.05,16.66,16.04,15.44,15.54,16.68,18.39,20.16,21.8,23.4,24.69,25.41,25.98,26.57,26.99,26.91,26.93,26.12,24.48,22.74,21.41,20.31,19.21,18.43
110,17.51,16.48,16.1,16.04,15.75,15.6,17.1,19.0,20.6,21.89,22.68,23.15,23.61,23.24,23.52,23.96,24.13,23.32,21.86,20.43,19.53,18.68,18.24,18.01
111,18.09,17.57,17.14,16.85,16.7,16.7,18.51,20.6,21.51,21.7,21.82,22.77,22.61,22.39,23.69,24.34,24.05,23.9,23.52,22.93,22.01,21.23,20.44,20.35
112,19.75,18.61,17.89,17.39,16.57,16.51,19.26,21.74,23.05,24.5,25.79,26.82,27.26,27.86,27.95,27.74,27.33,26.48,25.16,23.73,22.51,21.79,21.16,19.96
113,19.4,19.34,18.68,18.24,17.95,17.8,18.86,21.0,22.9,24.56,26.2,27.05,27.26,27.55,27.33,26.79,25.91,24.81,23.9,23.04,22.39,22.2,22.14,21.41
114,20.88,21.36,21.7,21.64,21.35,21.51,22.14,23.4,24.75,26.2,27.11,27.61,28.18,28.71,28.9,28.84,28.11,27.39,26.7,25.84,24.75,23.61,22.57,22.14
115,21.79,21.04,20.89,20.75,20.66,20.95,22.23,23.59,24.69,25.85,27.3,28.15,28.3,28.24,27.89,27.33,26.79,25.98,25.41,25.05,24.52,24.05,23.84,23.49
116,23.36,23.71,23.96,23.94,23.9,23.9,24.15,24.49,25.35,26.68,27.32,28.34,28.84,28.11,27.39,27.2,27.14,26.48,25.73,25.19,25.0,25.0,24.62,24.34
117,24.24,24.32,24.4,24.4,24.4,24.4,25.21,25.76,26.43,27.24,28.38,28.9,29.15,29.05,28.77,28.39,27.51,26.85,26.51,26.21,26.04,25.44,25.29,25.09
118,24.59,24.4,24.09,23.96,24.25,24.4,22.71,21.76,22.49,23.34,25.6,27.05,26.89,26.89,28.12,28.18,27.74,27.39,26.83,26.23,25.75,25.54,25.19,24.94
119,24.15,22.76,22.14,21.79,20.91,19.81,19.46,19.88,20.48,21.39,22.11,22.61,23.11,23.3,23.24,22.51,21.35,19.96,18.9,18.16,18.15,18.36,18.65,18.43
120,17.45,16.12,15.54,15.19,15.0,15.0,15.75,16.89,17.99,18.77,19.69,20.41,20.98,21.57,22.05,22.14,21.73,20.56,19.62,19.09,18.84,18.55,18.77,19.25
121,19.34,18.99,18.43,17.51,16.79,16.29,18.73,21.49,22.26,22.68,23.21,23.71,22.77,21.85,21.82,22.71,22.89,22.07,21.14,20.3,19.94,19.21,18.49,18.18
122,17.16,15.91,14.88,15.12,15.25,15.41,17.85,20.95,23.31,25.1,26.39,27.43,27.86,28.21,28.65,28.43,27.76,26.31,25.04,24.14,22.99,21.25,20.12,19.21
123,18.43,17.89,17.32,16.85,16.76,17.05,18.82,21.86,24.73,26.39,27.49,28.52,29.27,29.81,29.94,29.52,28.93,27.76,26.45,25.25,23.74,22.16,20.91,20.12
124,19.21,18.11,17.39,17.14,16.91,17.05,19.14,22.05,24.41,26.2,27.49,28.15,28.74,29.19,29.05,28.84,28.05,26.66,25.16,23.73,22.51,21.41,20.31,19.21
125,18.43,17.89,17.39,17.26,17.74,18.19,19.93,22.46,23.59,25.64,27.05,27.2,27.26,27.61,27.8,27.74,27.01,25.98,25.04,24.14,23.11,22.01,21.35,21.51
126,21.7,21.64,21.35,21.51,21.7,21.7,22.89,24.91,26.39,27.49,28.59,29.25,29.09,28.9,28.84,28.49,28.18,27.23,26.14,25.24,24.27,23.84,23.43,22.95
127,22.74,22.39,22.14,21.85,21.76,22.05,23.32,24.81,26.55,27.99,28.77,29.25,29.71,29.59,29.34,28.61,27.89,27.07,26.51,26.15,25.75,25.23,25.0,25.0
128,25.0,25.0,25.0,25.0,25.0,25.0,25.0,25.06,25.48,25.95,26.16,26.82,26.83,26.23,26.06,26.1,23.54,22.13,22.14,21.85,20.26,19.4,19.4,19.4
129,19.34,19.11,19.25,19.4,19.46,19.81,20.44,21.45,22.96,24.91,26.39,27.05,27.57,27.74,27.39,27.14,26.41,25.75,25.41,25.05,24.59,24.4,24.09,23.9
130,23.9,23.52,23.3,23.24,23.01,23.15,24.11,25.54,27.29,27.75,26.48,26.36,26.26,26.38,26.35,26.45,26.29,26.1,26.1,25.79,25.23,25.0,24.94,24.59
131,24.4,24.4,24.4,24.4,24.46,24.81,25.5,26.74,27.99,29.02,29.46,29.81,30.06,30.35,30.12,29.52,28.61,27.95,27.43,26.83,25.91,25.25,25.29,24.4
132,23.43,22.95,22.8,22.8,22.86,23.15,24.11,25.6,26.89,27.68,28.59,29.25,29.15,28.62,28.96,29.05,28.77,27.76,26.83,26.23,25.38,25.06,25.6,24.9
133,23.99,23.55,23.71,23.9,23.9,23.9,23.84,23.61,24.5,25.6,27.15,28.52,27.65,26.15,23.89,22.74,22.39,20.45,19.21,18.98,18.46,17.89,17.32,16.41
134,15.69,15.19,14.88,14.11,13.14,12.8,13.24,14.5,15.91,17.77,19.91,20.95,21.85,22.68,23.15,23.24,22.89,22.39,21.45,20.38,19.94,19.09,17.41,16.64
135,15.91,14.75,13.99,13.55,14.09,14.81,17.25,20.29,22.36,23.94,24.88,25.73,25.85,26.32,26.7,26.64,26.16,24.96,23.9,23.04,21.95,20.5,19.53,18.68
136,18.24,17.51,16.91,17.11,17.68,18.52,20.4,22.3,23.65,25.1,26.39,27.05,27.57,27.8,27.74,27.33,26.41,25.38,24.25,23.11,22.01,21.23,20.31,19.53
137,19.05,18.84,18.11,17.39,17.32,18.34,21.09,22.71,23.21,24.09,24.88,25.73,26.54,27.11,27.61,27.61,27.25,26.48,25.16,23.73,22.51,21.41,20.75,20.54
138,20.12,19.59,19.4,19.34,19.11,19.62,21.5,23.46,25.16,26.74,27.99,28.71,28.59,28.96,28.68,28.24,27.51,26.85,26.14,25.24,24.21,23.43,22.89,22.07
139,21.64,21.29,21.04,20.75,20.66,20.95,22.29,24.0,25.6,26.89,27.74,28.88,29.46,29.75,29.59,29.34,28.86,27.41,26.33,25.73,25.12,24.21,23.43,22.95
140,22.74,22.39,22.14,21.85,21.76,22.05,23.39,25.1,26.07,27.3,28.52,28.9,29.59,29.94,29.52,28.99,28.43,27.57,26.83,26.23,25.31,24.52,23.61,22.89
141,22.33,21.79,21.23,20.75,20.66,20.95,22.98,25.16,26.68,27.2,27.39,28.69,29.46,30.25,30.89,30.75,30.48,29.46,28.34,27.38,26.06,24.75,23.61,23.01
142,22.96,21.75,20.81,21.01,21.57,22.05,23.7,25.6,26.57,27.11,27.68,28.52,29.52,29.59,29.4,29.34,28.99,28.49,28.11,27.69,26.25,25.12,24.52,23.68
143,23.24,22.51,21.54,21.76,21.91,22.05,23.64,25.25,26.39,27.49,28.52,28.9,28.84,28.24,28.15,28.36,28.65,28.49,27.8,26.94,25.91,24.81,24.34,23.68
144,23.18,22.16,21.35,21.7,21.19,20.95,23.29,25.66,27.3,28.21,29.02,29.4,30.21,30.89,30.81,30.89,30.31,29.27,28.34,27.44,26.73,25.5,24.52,23.99
145,23.43,22.64,22.55,22.33,21.54,21.82,23.76,26.01,27.49,28.65,29.98,30.19,30.62,30.75,30.48,29.4,28.43,27.95,27.43,26.83,25.91,25.19,24.94,24.59
146,24.4,24.4,24.34,24.05,23.9,23.9,25.4,27.3,28.52,28.96,29.69,30.41,30.29,29.91,26.8,27.0,27.89,27.39,27.01,26.71,26.29,26.04,25.75,25.66
147,25.89,25.75,25.6,25.6,25.6,25.6,25.66,25.64,25.6,25.66,26.32,26.7,26.14,23.93,22.43,22.2,22.64,23.15,23.3,23.18,23.23,22.99,22.74,22.33
148,21.91,22.05,22.2,22.26,22.61,22.8,23.86,25.31,26.74,27.93,28.43,29.44,29.94,29.27,28.9,28.77,27.7,26.48,25.66,24.77,24.59,24.51,24.4,24.4
149,24.34,24.05,23.9,23.9,23.9,23.9,24.65,25.35,25.19,25.06,25.29,25.52,26.29,25.82,25.55,26.39,26.99,26.48,25.91,25.61,24.81,24.4,24.4,24.4
150,24.34,23.68,23.3,22.99,23.05,22.95,22.8,22.93,22.94,22.84,22.8,22.8,23.49,23.9,24.21,24.34,24.18,24.29,23.15,22.34,22.61,22.8,22.86,23.15
151,23.36,23.65,23.49,23.3,23.36,23.71,24.27,25.25,26.39,26.8,26.61,24.88,25.15,27.09,27.8,27.8,27.8,27.8,27.24,26.34,25.69,25.19,25.0,24.94
152,24.59,24.4,24.4,24.27,24.07,24.25,25.52,26.57,27.11,27.68,28.21,29.02,29.15,29.06,27.35,27.18,27.26,26.12,25.79,25.96,25.75,25.54,25.19,24.94
153,24.52,23.68,23.36,23.71,23.96,24.25,24.77,25.62,25.75,25.6,25.6,25.6,25.91,26.79,27.82,27.95,27.74,27.39,26.83,26.23,25.69,25.12,24.59,24.34
154,23.99,23.49,23.3,23.3,23.36,23.71,25.09,26.36,27.39,28.18,28.4,29.02,29.15,29.31,30.12,30.12,29.52,28.68,27.93,27.33,26.41,25.38,25.0,24.94
155,24.52,24.05,23.84,23.55,23.77,24.25,25.52,26.89,27.68,28.27,29.44,30.0,30.06,30.35,30.12,29.59,29.34,28.68,28.11,27.81,27.33,26.79,26.29,26.04
156,25.69,24.75,24.05,23.9,24.02,25.29,26.56,27.84,28.65,28.68,29.91,30.95,30.91,31.61,31.85,31.64,30.91,30.19,29.62,29.02,28.11,27.33,26.79,26.29
157,26.04,25.38,25.0,25.0,25.06,25.41,26.66,27.99,29.09,30.19,30.73,31.68,31.95,32.42,32.74,32.33,31.48,31.1,30.54,29.64,28.61,27.89,27.01,26.23
158,25.75,25.6,25.54,25.19,25.06,25.41,26.66,27.99,29.09,30.25,30.95,31.1,31.85,32.61,32.74,32.39,32.08,31.12,30.41,29.99,28.8,27.51,26.85,26.64
159,26.23,25.75,25.48,25.46,25.25,25.41,26.73,28.52,29.45,30.6,31.57,32.05,31.89,31.64,31.23,30.75,30.54,30.19,29.62,29.02,28.11,27.33,26.85,26.7
160,26.7,26.7,26.76,26.99,26.91,27.05,27.01,27.84,28.71,28.9,25.46,23.71,23.9,24.21,25.15,26.6,27.2,27.2,27.39,27.63,27.33,26.79,26.23,25.75
161,25.04,22.82,21.7,21.76,22.11,22.61,23.93,25.6,26.89,27.99,28.77,29.25,29.84,30.48,30.95,31.04,30.69,29.81,28.65,27.51,26.79,25.98,25.54,25.12
162,24.52,23.68,23.3,23.36,23.77,24.62,26.12,27.49,28.59,29.69,30.48,31.32,31.07,31.01,31.76,31.41,30.69,29.81,29.4,29.34,28.61,27.57,27.2,27.14
163,26.79,26.04,25.95,26.1,26.1,26.1,25.85,23.01,21.52,21.29,21.41,21.29,21.23,22.43,24.35,25.66,25.69,25.19,24.81,24.45,23.99,23.49,23.3,23.3
164,23.18,22.91,22.8,22.74,22.45,22.93,24.18,26.01,27.55,28.44,28.89,29.25,29.84,30.66,30.81,30.76,29.55,28.18,27.24,26.34,25.75,25.54,25.19,24.94
165,24.52,23.74,23.71,23.9,23.96,24.25,25.59,27.3,28.59,29.25,26.96,27.62,29.52,29.4,27.91,27.14,26.41,25.75,25.6,25.54,25.12,24.59,24.4,24.4
166,24.4,24.4,24.4,24.46,24.88,25.41,26.35,27.49,28.27,29.44,30.19,28.74,29.3,31.14,31.07,29.2,28.3,28.3,28.11,27.81,27.33,26.85,26.64,26.29
167,26.04,25.69,25.19,25.0,25.06,25.41,26.66,27.99,29.09,29.88,30.73,31.1,31.54,32.05,32.01,30.71,29.94,29.27,28.52,27.93,27.33,26.48,26.04,25.44
168,25.35,25.12,24.59,24.4,24.46,24.81,26.44,27.68,28.59,29.69,30.79,31.83,32.14,31.85,31.89,31.5,31.45,30.98,30.23,29.56,28.61,27.89,27.39,27.14
169,26.79,25.98,25.54,25.19,25.06,25.41,26.66,27.99,29.02,29.46,29.75,29.59,29.65,31.61,32.26,31.19,31.26,30.98,30.23,29.56,28.61,27.89,27.01,26.23
170,25.69,25.12,24.52,24.05,23.96,24.25,25.65,28.02,29.31,30.25,31.32,31.7,32.39,32.86,33.09,32.51,31.79,30.98,30.23,29.56,28.61,27.89,27.33,26.48
171,26.04,25.69,25.12,24.59,24.46,25.19,26.66,28.05,29.5,30.79,31.45,31.29,31.54,32.05,32.2,32.14,31.85,31.01,29.54,27.9,27.49,26.66,26.04,25.69
172,25.25,25.41,25.54,25.19,25.06,25.41,26.73,28.4,29.69,30.48,30.89,30.75,31.29,31.51,29.4,25.14,23.36,24.4,25.19,25.49,25.54,25.19,25.0,25.0
173,25.0,25.0,24.94,24.59,24.46,25.19,26.35,27.49,28.52,28.71,29.16,29.81,31.12,31.93,30.94,27.8,24.11,24.18,24.81,24.51,24.4,24.46,24.81,25.0
174,25.06,25.48,25.89,25.75,25.66,25.95,27.23,28.21,29.09,30.25,31.32,31.7,31.89,29.5,28.5,26.11,24.88,25.73,25.91,25.61,25.19,24.94,24.52,24.05
175,23.9,23.9,23.96,24.19,23.74,24.02,24.9,26.26,27.84,28.77,29.69,30.41,30.98,31.45,30.23,27.02,25.98,26.51,26.39,24.07,22.8,22.8,22.8,22.8
176,22.8,22.8,22.8,22.86,23.21,23.71,24.34,25.66,27.3,28.59,29.69,30.41,30.73,29.55,27.99,27.44,27.34,25.86,24.5,24.89,23.74,23.18,23.96,24.05
177,23.9,23.96,24.25,24.4,24.4,24.4,25.15,25.66,26.45,27.77,28.36,28.71,29.21,29.4,29.4,29.34,28.8,24.94,22.8,22.8,22.8,22.86,23.15,23.3
178,23.36,24.02,24.46,24.81,25.06,25.41,26.73,28.4,29.31,29.88,30.79,31.51,31.76,31.99,31.48,31.04,30.69,30.19,29.62,29.02,28.43,27.95,27.8,27.8
179,27.74,27.33,26.85,26.64,26.35,26.51,27.76,28.77,29.69,30.79,31.51,31.7,32.08,32.55,32.39,32.14,31.41,30.38,29.62,29.02,28.43,27.89,27.39,27.14
180,26.79,26.29,26.04,25.75,25.66,25.95,27.23,28.59,29.69,30.79,31.57,32.05,32.58,32.8,32.8,32.74,32.08,31.7,31.14,30.18,28.8,27.89,27.33,26.79
181,26.23,25.69,25.19,25.0,25.0,25.0,26.44,28.24,29.55,30.06,30.48,31.32,31.39,31.89,32.92,33.24,32.58,32.2,31.83,31.23,30.31,29.21,28.43,27.89
182,27.33,26.79,26.29,26.1,26.16,26.82,27.95,28.77,29.75,31.2,32.11,32.61,33.17,33.77,34.25,34.27,33.14,31.31,30.23,29.56,28.8,26.75,26.45,27.71
183,27.32,24.93,23.11,22.39,22.26,22.61,24.74,27.15,28.59,29.69,30.73,31.1,31.23,32.17,32.39,32.2,32.14,31.85,31.33,30.73,30.12,29.34,29.06,27.91
184,27.26,27.55,27.33,26.79,26.29,26.1,26.54,27.49,28.21,28.77,29.31,29.81,30.38,30.66,30.95,31.04,30.69,30.19,29.62,29.02,28.11,27.14,27.05,27.14
185,26.79,26.23,25.75,25.54,24.88,24.81,25.44,26.45,27.84,28.77,29.25,29.4,29.84,30.66,30.69,30.12,29.65,29.81,29.25,28.11,27.39,27.14,26.48,26.04
186,25.31,24.21,23.43,22.83,21.73,21.82,24.76,27.3,28.59,29.31,29.88,30.41,30.66,31.32,31.76,31.99,31.85,31.7,30.95,29.75,28.61,27.89,27.2,25.71
187,24.94,24.21,23.11,22.45,22.99,24.02,25.96,27.84,29.09,30.25,30.95,31.1,31.73,31.54,31.76,31.79,31.23,30.38,29.81,29.39,28.26,27.39,27.14,26.41
188,25.75,25.6,25.6,25.54,25.25,25.73,27.54,29.15,29.79,28.4,26.38,26.32,26.76,26.99,26.54,26.51,26.64,26.29,25.91,25.61,25.12,24.21,23.55,23.96
189,24.11,24.62,24.94,24.65,24.88,25.41,26.04,27.36,28.88,28.65,29.76,30.95,30.73,28.62,25.0,24.12,24.81,25.0,24.81,24.45,24.05,23.84,23.55,23.71
190,23.9,23.84,23.55,23.71,23.96,24.62,26.25,28.19,29.15,29.43,29.69,28.86,28.99,25.71,25.25,27.3,28.15,28.3,28.3,28.24,27.83,26.73,26.45,26.29
191,25.98,25.02,24.75,24.59,24.4,24.4,26.65,28.94,30.25,31.01,31.57,32.05,32.89,33.24,31.33,28.2,27.06,26.85,26.51,26.15,25.69,25.19,24.94,24.59
192,24.34,24.11,24.25,24.34,24.18,25.04,26.41,27.84,28.77,29.69,30.73,31.16,31.57,32.42,32.8,32.68,31.6,30.38,29.56,28.68,28.3,28.3,28.24,27.57
193,27.07,26.06,25.19,25.0,25.0,25.13,26.32,28.12,28.55,27.02,26.57,27.18,28.4,29.69,30.73,31.1,30.79,29.91,28.75,27.93,27.33,26.41,25.81,25.89
194,25.75,25.54,25.25,25.48,25.95,26.1,26.6,27.84,29.02,29.52,29.23,27.56,26.33,27.73,28.51,29.09,30.06,29.46,28.71,28.35,27.57,27.14,26.79,26.29
195,26.1,26.04,25.75,25.6,25.66,25.95,27.29,28.94,30.25,31.39,31.99,31.48,26.98,24.94,26.39,26.73,26.63,26.7,26.51,26.15,25.38,24.94,24.59,24.4
196,24.4,24.52,25.23,25.54,24.81,24.4,25.21,26.01,26.89,27.68,28.21,28.71,29.27,29.88,30.41,30.54,30.12,29.27,28.34,27.44,26.41,25.81,25.95,26.04
197,25.69,24.75,23.99,23.43,22.95,22.8,23.99,26.01,27.49,28.21,28.77,29.62,30.38,30.6,30.54,30.12,29.21,28.49,28.3,28.24,27.89,27.39,27.2,27.2
198,27.14,26.85,26.7,26.7,26.76,27.05,26.89,26.76,27.05,27.26,24.8,23.68,23.9,23.71,23.79,23.9,23.9,23.9,23.9,23.9,23.9,23.96,24.62,25.0
199,24.94,24.59,24.4,24.46,24.12,23.9,24.77,24.86,25.29,26.39,26.86,28.15,29.4,31.2,31.54,31.45,31.23,30.38,29.62,28.96,27.7,26.41,25.69,25.25
200,25.35,25.19,25.38,25.23,24.69,25.19,26.35,27.11,27.86,28.64,29.71,29.01,26.18,24.71,24.91,25.6,26.71,27.2,27.01,26.71,26.29,26.04,25.75,25.54
201,25.12,24.59,24.52,24.48,24.65,24.93,25.56,27.21,28.94,29.88,30.48,30.95,31.16,31.51,31.76,31.99,31.79,30.98,30.23,29.56,28.61,27.95,27.74,27.07
202,26.64,25.91,25.25,25.35,25.19,25.0,26.88,28.88,29.52,30.48,30.44,31.1,30.26,29.84,30.66,30.0,28.02,27.2,27.01,26.77,26.7,26.64,26.23,25.81
203,25.89,25.75,25.54,25.12,24.59,24.77,25.75,26.45,25.16,24.11,24.81,26.49,27.64,28.09,28.01,28.46,28.43,27.57,26.83,26.35,26.45,25.98,25.54,25.19
204,24.94,24.52,24.05,23.9,23.96,24.25,25.9,27.11,27.8,29.23,29.59,29.4,30.52,31.39,30.62,30.73,31.04,30.38,29.44,28.54,27.89,27.01,26.23,25.81
205,25.95,26.04,25.69,25.19,25.06,25.41,26.73,28.4,29.38,30.54,31.1,31.1,31.6,32.59,31.38,28.77,28.43,28.49,28.11,27.81,27.39,27.2,27.14,26.85
206,26.64,26.29,26.04,25.75,25.6,25.6,27.1,28.94,30.19,30.66,31.01,31.83,32.83,32.95,32.74,32.33,31.79,30.98,30.23,29.56,28.68,28.24,27.89,27.39
207,27.14,26.48,26.04,25.44,25.48,25.95,27.29,28.94,30.19,31.35,32.42,32.8,33.17,33.77,34.12,33.33,32.61,31.31,30.04,29.14,28.43,27.95,27.8,27.74
208,27.33,26.85,26.64,26.29,26.16,26.51,27.82,29.5,30.79,31.89,32.67,33.15,33.61,33.49,33.24,32.64,32.86,32.58,31.7,30.77,29.46,28.84,28.49,28.36
209,28.65,28.43,27.51,26.79,26.35,26.51,27.01,27.39,28.69,29.4,29.59,30.95,31.64,31.29,31.1,31.1,31.04,30.38,29.44,28.54,27.51,26.91,27.05,27.32
210,27.21,26.41,25.31,24.52,24.05,23.9,25.02,26.45,27.84,28.77,29.25,29.4,29.46,29.88,30.41,30.54,30.12,29.27,28.34,27.44,26.85,26.64,26.04,25.82
211,24.9,23.99,23.43,22.51,21.91,22.43,25.11,28.38,29.88,30.48,31.26,31.29,30.6,31.8,32.01,31.04,30.76,29.24,28.3,28.24,27.83,26.73,26.51,26.64
212,26.29,26.04,25.38,25.06,25.41,25.6,26.41,27.84,29.09,29.75,29.46,30.39,31.04,30.31,29.65,29.75,29.34,29.25,28.9,28.04,27.33,26.54,26.51,26.7
213,26.64,26.29,26.04,25.69,25.25,25.41,27.04,28.21,29.02,29.52,30.48,30.75,29.16,28.49,29.85,30.54,30.12,29.59,28.65,27.51,26.48,26.16,26.51,26.76
214,26.99,26.79,26.29,25.79,25.6,25.6,27.66,29.02,29.91,29.59,30.1,30.95,31.66,33.12,33.11,32.01,30.98,30.6,29.48,27.74,26.41,25.69,25.25,25.35
215,25.25,25.41,25.6,25.54,25.12,24.59,26.21,28.05,29.5,30.79,31.26,29.8,28.21,30.49,31.85,31.64,31.04,30.95,30.54,29.64,28.74,28.59,27.76,27.14
216,26.48,26.04,25.75,25.54,25.25,25.41,26.41,27.9,29.5,30.79,31.57,32.42,32.8,32.92,33.81,33.55,32.1,30.56,29.62,29.02,28.43,27.89,27.07,26.7
217,26.7,26.64,25.98,25.66,25.95,26.1,27.29,28.94,30.19,30.66,31.45,32.77,32.74,33.27,33.42,32.45,31.06,29.81,29.21,28.91,28.43,27.95,27.86,28.09
218,27.89,27.07,26.64,26.29,26.04,25.75,27.41,29.44,30.19,31.55,32.67,33.15,32.67,32.67,33.09,31.95,31.76,31.48,30.73,30.06,28.86,28.24,27.95,27.74
219,27.39,27.14,26.79,26.35,26.45,26.29,27.91,29.69,30.48,31.01,31.64,32.77,33.92,33.67,33.24,32.64,29.93,27.0,26.1,26.54,27.11,27.61,27.8,27.74
220,27.33,26.54,26.51,26.7,26.64,26.29,26.6,27.9,29.5,30.79,31.83,32.2,33.2,33.11,31.95,30.56,28.56,27.07,26.45,26.18,26.1,26.04,25.38,25.0
221,25.0,25.31,25.25,25.35,25.19,25.0,26.25,28.25,29.13,28.51,29.41,28.32,25.45,25.52,26.95,28.4,29.13,28.32,27.61,27.25,26.79,26.29,26.04,25.44
222,25.29,24.46,23.96,24.31,24.75,24.59,25.21,26.39,27.55,28.94,30.25,31.32,31.45,32.11,31.6,30.81,30.89,27.62,25.6,25.23,25.06,25.41,25.6,25.54
223,25.12,24.21,23.49,23.3,23.3,23.3,23.86,25.51,27.3,28.59,29.75,31.14,31.39,31.76,31.54,31.89,32.49,31.66,30.54,29.64,28.99,28.18,27.8,27.86
224,28.09,27.89,27.33,26.79,26.35,26.51,27.07,27.99,29.09,30.19,30.66,31.32,32.01,32.2,32.26,32.55,32.01,30.98,30.04,29.14,28.43,28.01,28.15,28.3
225,28.24,27.57,27.14,26.79,25.98,25.6,26.35,27.49,28.21,29.09,30.25,31.32,31.7,31.76,31.99,31.79,31.23,30.38,29.81,29.45,28.61,27.89,27.07,26.57
226,25.62,25.66,25.31,24.52,23.74,24.02,25.96,27.9,29.5,30.48,31.01,31.83,31.95,32.11,32.67,33.02,32.16,30.98,30.23,29.69,29.75,29.52,28.99,28.11
227,27.33,26.48,26.16,26.45,26.29,26.1,27.29,28.94,30.25,31.39,32.11,32.61,32.24,32.71,33.01,33.4,31.57,28.36,27.39,27.69,27.8,27.74,27.39,27.2
228,27.2,27.14,26.85,26.7,26.76,27.05,27.7,29.0,30.6,31.89,29.11,25.45,24.9,26.26,27.84,29.09,29.63,27.82,26.33,25.79,25.66,25.95,26.1,26.1
229,26.16,26.51,26.64,26.35,26.45,26.29,27.29,29.0,30.41,30.52,29.11,29.02,31.09,31.91,31.99,31.41,30.38,30.0,29.62,29.02,28.18,27.74,27.39,27.2
230,27.14,26.79,26.35,26.51,26.64,25.98,26.79,28.75,30.25,31.39,32.11,32.61,33.05,29.2,28.18,29.0,29.19,29.05,28.71,28.35,27.95,27.8,27.74,27.33
231,26.48,26.04,25.81,25.89,25.75,25.6,27.41,29.5,30.79,31.57,32.05,32.2,32.01,30.09,29.19,29.05,28.84,28.18,27.43,26.89,26.64,26.29,26.04,25.75
232,25.6,25.66,25.89,25.38,25.0,25.0,27.19,29.5,30.79,31.89,32.86,32.95,32.61,33.56,29.83,26.45,26.44,26.7,26.33,25.85,25.95,26.1,26.04,25.75
233,25.48,24.52,24.25,24.4,24.4,24.4,26.02,28.31,30.1,31.01,31.57,32.42,32.49,32.99,34.02,34.4,34.21,32.6,31.14,30.24,29.27,28.84,28.49,28.24
234,27.57,27.14,26.48,26.1,26.1,26.1,27.91,29.69,30.79,31.89,32.67,33.52,34.27,34.81,35.0,34.94,34.4,32.91,32.01,31.65,30.5,29.59,29.34,28.99
235,28.43,27.51,26.85,26.7,26.7,26.7,28.2,30.1,31.01,31.64,32.84,34.02,34.4,34.4,34.4,34.34,33.99,33.49,32.92,32.33,31.85,31.64,31.29,31.04
236,30.38,29.94,29.52,28.99,28.49,28.3,28.36,29.09,30.12,30.25,30.48,31.32,31.33,31.1,31.1,31.04,30.69,30.19,29.81,29.51,29.4,29.34,27.61,25.91
237,24.88,25.25,26.32,26.7,26.7,26.7,27.39,27.86,28.65,29.98,30.19,30.0,31.06,31.64,30.98,30.54,30.12,29.59,29.21,28.91,28.43,27.95,27.8,27.74
238,27.39,27.2,27.2,27.2,27.26,27.61,28.55,29.31,29.81,30.13,31.14,31.7,31.76,31.93,31.06,30.12,29.59,29.4,29.21,28.91,28.49,28.24,27.89,27.39
239,27.2,27.2,27.14,26.54,26.51,26.7,27.45,28.65,30.16,31.05,31.51,31.7,32.64,32.64,32.86,32.89,32.01,30.98,30.04,29.14,28.49,28.24,27.89,27.39
240,27.07,26.19,25.95,26.1,26.16,26.51,27.82,29.5,30.73,31.04,30.31,29.59,26.34,25.25,26.32,26.7,26.64,26.29,26.1,26.1,26.04,25.38,25.06,25.41
241,25.66,25.95,26.16,26.51,26.7,26.7,27.51,28.75,27.95,25.82,24.94,24.27,24.09,24.07,24.75,26.2,26.99,26.85,26.39,25.39,24.59,24.4,24.4,24.4
242,24.4,24.4,24.34,24.05,23.84,23.49,25.24,28.02,29.69,30.79,31.89,32.61,32.86,33.09,32.95,32.74,32.01,30.98,30.04,29.14,28.43,27.95,27.8,27.8
243,27.8,27.74,27.39,27.14,26.91,27.05,27.95,28.84,28.16,29.66,30.65,31.56,32.14,32.1,29.79,28.77,29.19,28.68,28.3,27.8,27.69,27.74,27.39,27.14
244,26.54,26.45,26.35,26.45,26.35,26.51,27.2,28.75,30.25,31.32,31.76,32.42,33.05,32.58,32.08,31.12,31.16,30.56,29.81,29.45,28.99,27.55,25.05,23.94
245,23.9,23.96,24.25,24.46,25.25,25.95,26.23,27.3,28.21,29.09,29.88,30.73,31.41,31.35,31.7,30.88,28.95,27.57,26.83,26.35,26.76,26.79,26.04,25.95
246,26.1,26.04,25.75,25.6,25.6,25.6,27.04,28.34,29.91,31.01,31.45,30.98,30.73,30.49,28.3,27.23,27.93,28.3,27.93,27.39,27.14,26.85,26.7,26.64
247,26.23,25.75,25.6,25.6,25.54,24.81,26.34,28.75,30.12,29.56,27.88,29.33,31.23,31.16,29.77,26.54,25.62,25.38,25.0,24.94,24.59,24.4,24.4,24.34
248,24.05,23.9,23.84,23.49,23.3,23.3,24.61,27.21,28.36,29.09,30.25,31.32,31.39,31.76,31.79,30.98,28.1,25.98,25.41,25.05,24.34,24.25,24.4,24.4
249,24.34,24.05,23.9,23.84,23.49,23.3,24.93,27.52,29.5,30.79,31.57,32.42,32.92,31.38,29.77,29.34,28.99,28.18,27.61,27.31,27.26,27.61,27.74,27.33
250,26.41,25.75,25.66,25.89,25.75,25.6,26.48,28.25,29.75,30.7,30.88,31.68,32.01,30.46,27.79,27.07,27.55,27.39,27.01,26.77,26.7,26.7,26.64,26.29
251,26.04,25.69,25.25,25.35,25.25,25.41,26.48,28.25,29.69,30.79,31.89,32.61,32.55,33.27,33.49,33.11,29.75,27.43,27.39,27.63,27.39,27.2,27.14,26.85
252,26.64,26.29,26.1,26.04,25.75,25.6,26.1,28.02,29.69,30.48,31.39,32.42,32.86,33.4,32.51,30.18,30.64,30.56,29.62,29.09,28.84,28.49,28.24,27.95
253,27.68,26.66,26.1,26.1,26.16,26.51,27.89,29.85,30.73,31.74,32.92,33.3,32.42,32.77,32.74,30.65,28.1,27.57,27.8,27.8,27.74,27.33,26.85,26.64
254,26.35,26.45,26.29,26.16,26.51,26.7,27.82,29.5,30.41,30.6,30.29,29.41,30.12,31.61,29.41,28.11,28.3,28.3,27.93,27.33,26.85,26.7,26.64,26.23
255,25.88,26.61,26.85,26.64,26.29,26.1,26.48,26.76,27.05,27.26,27.93,28.99,27.02,26.66,28.55,28.99,28.11,27.07,26.33,25.79,25.23,24.94,24.52,24.05
256,23.9,23.9,23.9,23.84,23.49,23.3,23.36,23.77,24.44,25.95,27.14,28.34,29.65,30.48,31.32,31.64,31.23,30.38,29.81,29.45,28.68,28.3,28.24,27.51
257,26.91,26.99,26.91,26.99,26.91,27.05,27.82,28.32,29.65,30.52,30.91,31.1,31.16,28.82,25.71,25.32,25.95,26.1,26.1,26.1,26.1,26.1,26.04,25.69
258,25.19,25.0,25.0,24.94,24.59,24.4,25.65,27.65,28.77,29.38,30.35,29.93,29.15,29.0,27.06,24.96,24.46,24.81,24.81,24.57,24.81,25.0,25.0,25.0
259,24.94,24.59,24.34,23.99,23.24,23.15,24.55,26.93,28.21,28.71,28.96,29.62,30.06,30.66,30.75,30.66,30.76,29.61,28.52,27.93,27.01,26.16,25.02,24.75
260,24.59,24.4,24.4,24.4,24.4,24.4,25.59,27.3,28.21,29.15,30.48,30.75,30.6,30.6,30.6,29.41,27.7,26.48,26.1,26.16,26.45,26.23,25.81,25.95
261,25.91,24.3,23.71,23.9,23.96,24.25,24.52,25.66,27.3,28.52,29.02,30.04,30.85,30.69,29.75,28.99,28.43,27.95,27.43,26.89,26.64,26.29,26.04,25.75
262,25.6,25.6,25.66,25.89,25.75,25.6,25.98,26.89,27.68,28.59,29.25,29.4,30.46,31.04,30.75,30.54,30.06,28.86,27.93,27.39,27.14,26.79,26.29,26.04
263,25.69,25.19,24.94,24.52,24.11,24.25,24.84,25.85,27.36,28.88,29.52,30.54,30.85,30.95,31.1,31.04,30.31,29.27,28.71,28.29,27.23,26.57,25.5,24.52
264,23.68,23.3,23.24,22.95,22.86,23.52,24.77,26.93,28.65,30.1,31.32,31.7,31.76,31.86,30.77,30.66,30.31,29.27,28.71,28.35,27.51,26.79,26.23,25.69
265,24.75,23.61,22.57,22.14,21.85,21.7,22.07,22.74,24.0,25.6,26.89,27.61,27.86,28.21,28.71,28.84,28.36,27.23,26.33,25.73,24.75,23.99,23.18,22.74
266,22.14,22.43,22.86,23.15,23.3,23.3,23.74,24.62,25.06,25.73,26.16,26.51,26.7,26.89,28.19,28.77,27.7,26.48,25.73,25.12,24.52,23.68,23.3,23.18
267,22.29,22.05,22.26,22.99,23.71,23.9,23.9,24.09,25.51,27.18,27.14,27.43,28.05,28.2,27.57,27.07,26.06,25.19,25.0,24.94,24.52,23.61,22.64,22.68
268,23.21,23.52,22.48,22.11,22.55,22.07,23.14,24.69,25.48,26.39,27.43,27.8,27.86,28.09,27.89,27.07,26.64,25.98,25.41,25.05,24.52,23.99,23.43,22.83
269,21.79,22.18,22.39,22.26,22.68,23.15,23.36,24.09,25.38,27.15,28.15,28.3,27.93,28.01,27.89,27.07,26.33,26.1,26.04,25.81,25.57,25.31,25.45,25.6
270,25.54,25.19,24.94,24.59,24.4,24.4,24.15,24.31,24.81,25.0,25.06,25.41,25.16,24.59,24.77,25.31,25.19,25.0,25.0,25.0,25.0,25.0,24.62,24.4
271,24.4,24.4,24.34,24.36,24.4,24.4,24.46,24.88,25.41,25.66,25.95,26.1,26.91,28.02,28.71,28.84,28.36,27.23,26.51,26.15,25.38,25.0,24.94,24.34
272,24.19,23.68,23.36,23.71,23.9,23.9,24.71,26.14,27.07,28.3,29.27,29.81,30.06,30.73,31.04,30.69,29.69,28.32,27.24,26.34,25.75,25.54,25.19,24.94
273,24.52,24.11,24.56,24.34,24.25,24.4,25.27,26.68,27.2,27.07,25.75,26.06,27.76,28.65,28.49,28.3,27.93,27.39,27.01,26.71,26.29,26.1,26.04,25.75
274,25.6,25.54,24.88,24.81,25.0,25.0,25.81,27.36,28.62,29.75,31.14,31.7,32.33,32.33,31.48,31.04,30.31,29.27,28.52,27.93,27.39,27.2,27.2,27.14
275,26.79,26.35,26.45,26.04,23.64,21.59,21.16,21.57,22.49,23.59,24.44,25.26,25.66,26.32,26.64,26.23,25.69,25.19,24.81,24.45,24.05,23.9,23.84,23.18
276,22.68,21.6,20.38,19.94,19.21,18.18,17.74,17.51,18.34,18.96,19.69,20.41,21.29,21.76,22.05,22.14,21.73,20.56,19.25,18.24,17.96,16.56,15.89,15.69
277,15.12,14.53,14.05,13.9,13.84,13.49,15.61,18.69,21.07,22.84,23.77,24.62,25.06,25.66,25.69,25.12,24.15,22.76,22.01,21.71,21.23,20.38,19.94,19.65
278,20.12,19.81,19.46,19.81,20.0,20.0,21.25,23.69,26.01,27.43,27.86,28.52,29.15,28.68,28.24,27.51,26.79,25.98,25.41,25.05,24.59,24.34,23.99,23.43
279,22.89,22.01,21.35,21.51,21.64,21.29,22.35,24.41,26.26,27.84,29.09,30.19,30.29,30.35,30.19,29.94,29.4,27.91,26.83,26.23,25.31,24.52,23.99,23.43
280,22.51,21.48,21.1,21.1,21.04,20.38,22.25,24.85,26.04,26.3,27.24,27.8,28.86,29.94,29.64,28.99,28.11,27.07,26.51,26.15,25.75,25.54,25.12,24.34
281,24.19,23.99,23.18,22.8,22.86,23.15,24.18,26.07,27.84,29.09,30.25,30.95,30.85,30.89,30.69,30.12,29.21,28.18,27.8,26.43,25.85,25.69,25.12,24.59
282,24.34,24.05,23.9,23.9,23.84,23.49,24.18,26.01,27.49,28.59,29.56,29.27,30.27,31.04,30.62,29.4,28.11,27.07,26.7,26.64,26.23,25.69,24.81,24.4
283,24.34,23.74,23.65,23.49,23.3,23.3,24.18,26.32,27.99,28.84,29.91,29.46,29.21,29.34,29.05,28.71,27.04,26.1,25.91,25.61,24.81,24.34,24.05,23.84
284,23.49,23.3,23.61,23.49,23.3,23.3,24.18,26.01,27.55,28.88,29.34,29.18,29.98,30.06,28.11,26.41,25.69,24.81,24.59,24.89,25.0,25.0,25.0,25.0
285,24.94,24.65,24.75,24.59,24.4,24.4,25.27,26.8,28.4,29.31,30.19,30.6,30.54,29.88,30.0,28.74,24.68,23.11,23.05,22.84,22.43,21.76,20.44,18.8
286,17.95,17.74,17.32,16.41,15.75,15.6,15.79,17.15,18.65,20.16,21.74,22.61,23.18,23.71,23.84,23.36,22.04,20.15,18.9,18.04,17.32,16.54,16.45,15.91
287,15.12,14.21,13.49,13.3,13.36,13.71,14.4,16.45,18.94,21.74,23.21,24.02,24.77,25.06,25.35,24.69,23.07,20.52,19.4,19.27,18.26,17.01,16.04,15.89
288,15.75,15.54,15.12,14.65,14.75,14.28,15.65,19.64,23.02,24.38,25.6,26.7,27.19,27.61,27.74,27.33,26.29,24.61,23.34,22.44,21.41,20.31,19.53,19.05
289,18.77,17.82,17.74,17.94,18.02,17.23,18.01,21.11,23.69,24.59,26.01,27.05,27.64,28.09,27.64,27.49,26.48,24.61,23.34,22.44,21.79,21.29,21.04,20.62
290,19.46,18.84,18.55,19.02,19.34,19.05,19.15,21.3,23.75,25.25,26.39,27.05,27.95,28.65,28.49,28.18,27.1,25.56,24.25,23.24,23.21,24.02,24.27,23.26
291,21.95,20.56,19.94,19.53,18.99,18.49,18.05,18.59,19.69,20.85,22.3,23.15,23.99,24.4,24.34,23.99,23.11,22.07,21.51,21.15,20.19,18.45,17.32,16.48
292,16.1,16.04,15.44,15.35,15.19,15.0,16.38,19.7,21.89,22.99,24.09,24.81,25.38,25.54,25.19,24.81,23.39,21.66,21.1,21.04,20.62,19.46,18.84,18.43
293,17.45,16.19,15.89,15.69,15.19,15.0,17.88,20.66,22.3,23.21,23.77,24.62,25.38,25.66,25.95,26.04,25.56,24.05,22.8,21.94,20.91,19.75,18.61,17.95
294,17.93,18.88,19.4,19.4,19.4,19.4,19.9,21.2,22.49,23.59,24.31,25.19,25.6,25.66,25.95,25.98,24.77,22.6,21.51,21.21,21.16,21.45,21.23,20.69
295,20.06,18.8,17.89,17.39,17.14,16.85,17.07,17.99,19.15,20.6,21.57,22.05,22.57,22.86,23.09,22.51,21.79,20.98,20.23,19.56,18.93,17.76,17.32,18.28
296,18.05,16.6,15.81,15.89,15.75,15.6,15.85,17.88,19.31,20.25,21.39,21.93,22.88,23.77,24.19,23.93,22.64,21.12,20.6,20.54,20.06,18.86,18.05,16.28
297,16.8,17.01,16.23,15.69,15.19,15.0,15.38,18.41,20.79,21.57,22.49,23.52,24.27,25.19,25.66,25.76,24.55,23.18,22.05,20.91,20.06,18.93,18.9,18.26
298,17.07,16.7,16.64,16.16,15.03,15.19,16.6,19.82,22.77,24.91,26.01,26.82,27.64,28.15,28.24,27.83,26.48,24.61,23.34,22.44,21.79,20.98,20.54,19.81
299,19.34,18.61,17.95,17.74,17.14,17.43,17.93,20.12,23.02,24.69,25.79,26.82,27.2,27.14,26.85,26.57,25.44,23.86,23.11,22.81,22.07,21.64,21.29,21.1
300,21.16,21.45,20.91,20.25,20.73,21.1,21.6,22.96,25.04,27.15,28.52,28.9,29.15,28.99,28.49,28.24,27.45,26.12,25.23,24.56,23.68,23.24,22.89,22.33
301,21.48,19.98,19.11,19.62,19.12,19.1,19.96,22.05,24.35,25.79,26.57,27.43,28.11,28.18,27.23,26.64,25.91,24.81,24.21,23.91,23.18,22.8,22.36,21.41
302,20.69,19.75,18.99,18.49,18.24,17.95,17.49,17.99,19.15,20.6,21.57,21.93,22.19,22.61,22.8,22.55,20.52,19.4,18.52,17.0,15.15,14.4,14.34,13.68
303,13.24,13.01,13.21,13.65,13.49,13.3,12.99,15.68,18.59,21.18,22.68,23.15,23.93,23.99,23.43,22.89,22.01,20.98,20.23,19.56,18.61,17.51,16.41,15.31
304,14.09,12.35,10.85,9.4,8.43,8.01,8.21,9.09,9.88,10.79,11.89,12.93,13.74,14.69,15.41,15.54,14.69,13.32,12.8,12.8,12.74,12.39,12.14,11.79
305,11.22,10.75,10.22,9.94,9.53,9.05,9.03,10.16,11.86,13.75,15.25,15.95,16.54,17.05,17.2,17.01,15.65,14.59,13.65,12.57,12.14,11.41,10.44,10.41
306,10.47,9.4,8.43,7.95,7.8,7.8,8.68,13.32,16.86,18.75,20.31,21.68,22.2,22.14,21.79,21.23,20.31,19.27,18.71,18.35,17.95,17.74,17.39,17.14
307,16.79,16.23,15.75,15.66,15.95,16.1,16.98,18.88,21.39,23.4,24.31,25.19,25.91,26.04,25.69,24.69,23.26,22.07,21.51,21.21,21.04,20.75,20.54,20.19
308,20.06,20.35,20.25,20.41,20.66,20.95,21.23,22.36,23.88,24.46,24.88,25.41,26.35,26.99,26.41,25.69,24.75,23.68,23.11,22.81,22.39,22.2,22.14,21.79
309,21.29,21.04,20.38,20.0,19.94,19.59,19.52,20.54,21.29,22.46,22.6,22.93,23.3,23.24,22.76,21.94,20.91,20.19,19.81,19.45,18.99,18.11,17.32,16.79
310,16.23,15.69,15.12,14.21,13.11,12.39,11.89,11.76,12.11,12.99,14.09,14.81,15.75,16.57,16.99,16.41,15.75,15.6,15.41,15.11,15.0,14.94,14.53,14.05
311,13.84,13.11,12.45,12.61,12.8,12.8,13.18,13.78,14.31,15.25,16.39,17.05,17.57,17.8,17.86,18.02,17.16,15.98,14.85,13.78,13.71,13.96,14.44,15.95
312,16.57,15.62,15.29,14.4,13.43,12.95,12.99,14.35,15.73,16.16,16.57,17.43,18.55,19.31,19.75,19.53,18.55,17.41,16.31,15.15,13.57,13.09,12.89,12.39
313,12.07,11.0,9.53,9.25,9.28,8.32,8.43,11.61,15.61,18.56,20.31,21.68,22.26,22.61,22.74,21.89,20.09,18.68,17.93,17.39,17.14,16.91,17.05,17.2
314,17.07,16.19,15.95,16.1,16.16,16.82,17.95,19.09,20.31,21.8,23.4,24.25,25.21,25.89,25.75,25.41,23.99,22.57,21.83,21.16,19.9,19.05,18.84,18.49
315,18.3,18.3,17.86,16.6,15.75,15.6,15.22,14.94,14.59,14.4,14.34,14.05,13.53,13.24,12.95,12.74,12.32,11.47,10.91,10.68,10.22,9.94,9.28,8.9
316,8.84,8.11,7.32,6.79,6.22,5.75,5.54,5.19,5.0,5.06,5.41,5.6,6.22,6.35,6.89,7.61,7.8,7.8,7.61,7.25,6.41,5.69,5.12,4.53
317,3.92,2.76,2.2,2.2,2.2,2.2,2.26,2.99,3.77,4.69,5.79,6.83,7.95,9.09,9.81,9.94,9.21,8.18,7.8,7.8,7.8,7.74,7.32,6.85
318,6.64,5.97,5.54,4.88,4.75,4.28,4.4,6.08,7.9,9.56,11.2,12.05,12.64,13.15,13.3,13.24,12.82,11.66,10.91,10.74,10.89,10.81,11.01,11.57
319,12.24,13.62,14.11,14.31,15.25,16.32,16.51,17.71,19.62,21.93,23.21,23.71,24.52,24.21,23.49,23.24,22.51,21.85,21.7,21.7,21.64,21.23,20.81,20.95
320,21.1,20.23,14.39,9.95,8.26,7.39,7.14,6.85,6.7,6.83,7.71,7.57,7.7,9.0,10.47,10.31,9.21,8.49,7.92,7.32,6.85,6.64,5.97,5.54
321,5.06,3.8,2.89,2.45,2.55,2.39,2.58,2.86,3.59,4.31,5.25,6.33,7.83,9.38,9.65,9.69,8.74,7.22,6.51,6.21,5.97,4.9,3.61,2.58
322,2.14,1.79,0.91,0.25,0.47,0.95,1.16,4.2,8.0,10.51,12.3,13.53,14.59,14.94,14.53,13.93,12.64,11.13,10.41,10.05,9.53,9.05,8.96,9.25
323,9.34,8.61,7.51,6.85,6.76,7.05,8.2,11.43,14.19,17.46,19.19,19.05,19.96,20.48,19.46,18.77,17.57,15.71,14.62,14.09,13.84,13.18,12.74,12.39
324,12.07,11.06,10.06,9.05,9.72,9.46,8.96,12.38,16.65,18.94,20.25,20.95,21.04,20.31,19.53,18.93,17.7,16.48,15.91,15.68,15.6,15.54,15.19,14.94
325,14.21,13.18,12.74,12.45,12.61,12.8,13.24,14.62,16.68,18.75,19.81,20.0,19.62,19.46,19.75,19.21,18.18,17.43,17.39,17.5,17.38,17.61,17.68,17.04
326,16.76,17.05,17.2,17.2,17.2,17.2,17.7,18.12,17.57,17.39,19.12,20.73,21.85,22.68,23.52,23.77,22.7,21.48,20.54,19.7,19.34,18.99,18.18,18.11
327,18.36,18.96,19.36,19.65,19.18,18.86,18.96,19.31,19.81,20.0,20.06,20.41,20.6,20.54,19.75,18.86,17.41,16.7,16.51,16.15,15.31,14.53,13.99,13.49
328,13.24,12.95,12.74,12.32,11.85,11.7,11.76,12.11,12.61,12.8,12.86,13.15,13.3,13.3,13.24,12.89,12.39,12.2,11.82,11.22,10.69,10.12,9.53,8.99
329,8.36,7.04,5.09,3.74,3.96,4.05,4.15,6.36,9.66,12.53,14.62,16.36,18.56,20.19,20.54,20.0,18.39,16.6,15.69,15.06,13.93,13.65,13.49,13.36
330,13.65,12.99,11.38,11.26,10.97,10.6,10.66,11.39,12.11,12.61,12.86,13.59,14.31,15.25,15.89,15.56,13.99,12.57,12.2,12.14,11.79,11.22,10.69,10.12
331,9.53,8.68,8.24,7.89,7.01,6.29,6.29,7.71,9.5,10.85,12.36,13.62,14.69,15.73,16.04,15.25,13.74,12.22,11.51,11.15,10.38,9.94,9.34,9.62
332,10.06,10.35,10.25,10.72,11.16,11.51,11.95,14.1,17.18,20.49,22.49,23.15,23.61,23.49,23.24,22.39,20.52,18.64,17.75,17.29,16.79,15.91,15.12,14.59
333,14.4,14.53,15.47,15.69,14.56,14.25,14.28,15.7,18.91,22.05,24.35,25.41,25.98,26.45,25.91,24.62,22.79,21.38,20.5,19.64,19.05,18.84,18.49,18.36
334,18.71,18.84,18.49,18.3,18.3,18.3,18.36,19.21,21.07,22.96,24.85,25.6,24.91,25.12,25.12,24.15,22.64,21.12,20.23,19.56,18.99,18.11,17.14,16.36
335,15.97,14.96,14.21,13.91,13.55,13.71,14.15,14.11,14.62,16.75,20.18,21.29,21.16,21.57,22.36,21.89,19.77,18.49,17.55,16.41,15.69,15.06,13.74,12.29
336,12.11,12.99,13.71,13.9,14.28,14.81,15.44,16.64,18.64,20.19,20.73,21.68,22.26,22.61,22.74,22.01,21.23,20.75,20.41,20.05,19.53,19.05,18.84,18.36
337,17.23,16.7,17.07,17.61,17.74,17.39,17.26,17.68,18.21,18.71,20.65,23.07,24.21,24.34,23.61,22.57,22.14,21.85,21.51,21.15,20.75,20.23,20.0,20.0
338,19.94,19.27,18.96,19.25,19.4,19.4,19.84,20.79,22.01,23.81,25.6,26.51,26.64,25.91,25.12,24.52,23.61,22.57,22.01,21.71,20.91,20.19,19.75,19.79
339,19.46,18.95,18.43,17.89,17.45,17.61,17.43,17.7,19.25,22.63,24.89,25.11,23.88,22.64,22.68,23.4,22.7,21.85,21.07,20.2,19.21,18.43,17.45,16.44
340,15.6,13.99,12.89,12.39,11.89,11.32,11.16,11.51,11.76,12.05,12.2,12.2,12.57,12.86,13.09,12.76,11.94,10.97,10.41,10.18,10.35,10.19,9.94,9.59
341,9.4,9.46,9.75,9.59,9.46,9.81,9.75,10.66,12.3,13.59,14.69,15.66,17.19,18.21,18.65,18.36,17.1,15.56,14.06,12.63,11.66,12.9,13.43,12.89
342,12.01,10.97,10.54,10.19,10.0,10.0,10.19,11.55,12.99,14.09,15.25,15.95,17.23,18.59,19.56,19.46,18.14,16.31,15.04,14.07,12.82,12.61,12.8,12.74
343,12.01,10.91,9.75,8.99,8.43,7.95,7.49,7.99,8.78,9.69,10.72,11.1,12.22,13.21,13.65,13.43,12.51,11.85,11.32,10.79,10.6,10.54,10.06,8.93
344,8.65,8.18,7.74,7.39,7.26,7.61,7.92,9.06,11.01,12.49,13.65,15.04,15.6,15.6,15.54,15.12,14.53,13.68,13.3,13.18,12.1,10.56,9.94,9.53
345,8.74,8.71,8.84,8.49,8.36,9.03,9.28,10.95,13.31,15.1,16.01,16.82,16.89,16.64,16.04,15.89,15.62,14.46,13.34,12.38,11.19,11.26,11.22,10.44
346,10.79,11.57,12.11,12.55,12.39,12.2,11.95,12.24,13.88,16.07,17.84,18.71,18.59,18.77,19.62,19.94,19.09,17.41,15.76,14.45,14.5,13.8,12.57,12.07
347,11.38,10.44,10.29,9.71,9.24,10.39,11.16,11.95,13.53,15.57,17.65,19.02,19.84,20.41,20.54,19.69,18.2,16.66,15.54,14.64,13.99,13.18,12.86,13.4
348,12.95,13.62,14.05,13.9,13.96,14.25,14.53,15.72,18.09,20.1,21.07,22.24,24.24,25.35,24.75,23.93,22.7,21.48,20.91,20.61,19.75,18.61,17.7,18.34
349,18.96,19.25,18.27,16.66,15.97,14.96,14.71,14.65,15.25,16.39,17.11,17.74,18.25,18.77,19.19,18.55,17.1,15.56,14.62,14.09,13.84,13.43,12.51,11.47
350,11.04,10.38,9.94,9.59,9.34,9.05,8.34,9.0,10.6,11.64,12.84,14.03,14.15,14.56,14.28,13.84,13.11,12.39,11.7,10.96,10.95,11.1,11.04,10.81
351,10.89,10.38,10.0,10.06,10.72,11.1,11.6,12.59,14.12,16.74,18.59,19.0,19.31,19.81,19.94,19.21,18.18,17.43,16.45,15.38,15.0,14.94,14.59,14.4
352,14.4,14.4,14.4,14.09,13.9,13.9,13.84,13.49,13.3,13.24,12.7,12.65,12.43,12.2,12.14,11.85,11.32,11.1,11.1,11.04,10.75,10.6,10.6,10.29
353,10.54,10.99,11.1,10.72,10.19,10.0,10.06,10.41,10.66,10.95,11.1,11.1,11.47,11.7,11.64,11.29,11.1,11.1,11.1,11.1,11.1,11.16,11.51,11.7
354,11.7,11.7,11.7,11.7,11.64,11.29,11.1,11.35,11.94,12.26,12.99,14.03,14.34,14.11,14.12,13.64,13.3,12.99,12.8,12.74,12.7,13.07,13.36,13.78
355,14.25,14.4,14.15,14.25,14.4,14.4,14.78,15.38,16.73,18.46,20.48,21.86,23.26,24.15,23.99,23.36,22.48,21.48,20.91,20.74,20.89,20.81,20.89,20.69
356,20.19,19.94,19.59,19.4,19.4,19.4,19.4,19.77,20.69,21.48,21.32,22.16,23.3,25.1,25.38,24.56,22.68,19.26,17.8,17.43,17.2,17.2,17.57,17.43
357,14.45,11.74,10.79,10.54,10.19,9.62,9.15,9.38,10.6,11.82,12.32,13.34,13.28,13.4,12.82,12.43,11.25,9.81,9.4,9.4,9.4,9.4,9.34,8.86
358,7.22,5.21,5.19,5.54,5.12,4.28,4.09,5.64,8.44,10.6,11.82,12.2,12.95,13.65,13.49,13.18,12.16,11.29,10.72,10.12,9.21,8.55,8.71,8.84
359,8.43,7.76,6.44,6.86,8.69,9.4,10.28,11.86,14.0,16.96,18.07,18.81,19.05,18.9,18.9,18.84,18.11,17.39,17.01,16.77,16.76,17.11,17.68,18.21
360,18.71,18.9,18.77,18.7,17.82,17.61,17.8,17.8,18.55,19.62,20.06,20.41,20.66,21.01,21.45,21.29,21.1,21.1,20.91,20.99,20.98,21.02,20.79,20.54
361,20.19,20.0,19.5,18.76,19.06,19.4,19.4,19.4,19.59,18.07,16.85,16.32,16.1,15.79,15.6,15.54,15.19,15.0,15.0,14.56,14.05,13.9,13.9,13.9
362,13.9,13.9,13.84,13.43,12.95,12.8,12.8,12.86,13.53,13.96,14.38,15.54,16.79,16.82,16.23,15.75,15.6,15.6,15.73,15.24,14.59,14.4,14.21,14.29
363,14.34,13.68,13.24,12.95,12.74,12.39,11.89,11.76,11.99,11.85,11.7,11.7,11.7,11.64,11.22,10.75,10.54,10.19,9.81,9.51,9.09,8.84,8.49,8.24
364,8.33,8.09,8.09,8.14,8.29,8.34,8.17,8.41,9.04,9.3,9.55,9.89,10.25,10.59,10.57,10.44,10.65,10.68,9.66,8.47,9.35,10.41,10.54,10.12
